decisionDirection,decisionType,threeJudgeFdc,certReason,lcDispositionDirection,partyWinning,majVotes,minVotes,caseDisposition
1.0,-0.01115000026695563,0.00529281351939111,-0.040393167627475676,-0.10823477519414948,0.0947807332355442,0.10786146160484376,-0.12140594773725659,-0.026994689498525005
-0.01115000026695563,1.0,0.016890892503302404,0.060065891236276044,-0.0557807238246133,-0.06747257528159695,-0.05941731665469845,0.048406941749943706,0.17685513890776605
0.00529281351939111,0.016890892503302404,1.0,-0.3967062112950866,0.11031090674539738,-0.015378897341469695,-0.026838386606755284,0.0296151400075771,0.01089836995707074
-0.040393167627475676,0.060065891236276044,-0.3967062112950866,1.0,-0.09161138074442267,0.0983741038868898,-0.03302492219303903,0.022940242433557176,0.0553828248419335
-0.10823477519414948,-0.0557807238246133,0.11031090674539738,-0.09161138074442267,1.0,0.00864845735649971,-0.0371156416555425,0.0526936154280302,-0.03485841416989814
0.0947807332355442,-0.06747257528159695,-0.015378897341469695,0.0983741038868898,0.00864845735649971,1.0,0.09434956491268266,-0.09316502509818364,0.2966289922308954
0.10786146160484376,-0.05941731665469845,-0.026838386606755284,-0.03302492219303903,-0.0371156416555425,0.09434956491268266,1.0,-0.9314089011615045,0.10894633663218167
-0.12140594773725659,0.048406941749943706,0.0296151400075771,0.022940242433557176,0.0526936154280302,-0.09316502509818364,-0.9314089011615045,1.0,-0.10976744341334652
-0.026994689498525005,0.17685513890776605,0.01089836995707074,0.0553828248419335,-0.03485841416989814,0.2966289922308954,0.10894633663218167,-0.10976744341334652,1.0
